CustomerID,CustomerName,City,Segment
C001,Customer 01,Dhaka,Corporate
C002,Customer 02,Chattogram,Retail
C003,Customer 03,Sylhet,Distributor
C004,Customer 04,Khulna,Corporate
C005,Customer 05,Rajshahi,Retail
C006,Customer 06,Gazipur,Distributor
C007,Customer 07,Narayanganj,Corporate
C008,Customer 08,Cumilla,Retail
C009,Customer 09,Dhaka,Distributor
C010,Customer 10,Chattogram,Corporate
C011,Customer 11,Sylhet,Retail
C012,Customer 12,Khulna,Distributor
C013,Customer 13,Rajshahi,Corporate
C014,Customer 14,Gazipur,Retail
C015,Customer 15,Narayanganj,Distributor
C016,Customer 16,Cumilla,Corporate
C017,Customer 17,Dhaka,Retail
C018,Customer 18,Chattogram,Distributor
C019,Customer 19,Sylhet,Corporate
C020,Customer 20,Khulna,Retail
